Grandpa’s Family Farms Gummies 50mg – Cherry,$20.00
Grandpa’s Family Farms Gummies 50mg – Cherry,$20.00
Grandpa’s Family Farms Gummies 50mg – Green Apple,$20.00
Grandpa’s Family Farms Gummies 50mg – Cherry,$20.00
Grandpa’s Family Farms Gummies 50mg – Green Apple,$20.00
Grandpa’s Family Farms Gummies 50mg – Peach,$20.00
Grandpa’s Family Farms Gummies 50mg – Cherry,$20.00
Grandpa’s Family Farms Gummies 50mg – Green Apple,$20.00
Grandpa’s Family Farms Gummies 50mg – Peach,$20.00
Grandpa’s Family Farms Gummies 50mg – Watermelon,$20.00
Grandpa’s Family Farms Gummies 50mg – Cherry,$20.00
Grandpa’s Family Farms Gummies 50mg – Green Apple,$20.00
Grandpa’s Family Farms Gummies 50mg – Peach,$20.00
Grandpa’s Family Farms Gummies 50mg – Watermelon,$20.00
Grandpa’s Family Farms Gummies Sleep,$20.00
Grandpa’s Family Farms Gummies 50mg – Cherry,$20.00
Grandpa’s Family Farms Gummies 50mg – Green Apple,$20.00
Grandpa’s Family Farms Gummies 50mg – Peach,$20.00
Grandpa’s Family Farms Gummies 50mg – Watermelon,$20.00
Grandpa’s Family Farms Gummies Sleep,$20.00
Grandpa’s Family Farms Massage Cream,$35.00
Grandpa’s Family Farms Gummies 50mg – Cherry,$20.00
Grandpa’s Family Farms Gummies 50mg – Green Apple,$20.00
Grandpa’s Family Farms Gummies 50mg – Peach,$20.00
Grandpa’s Family Farms Gummies 50mg – Watermelon,$20.00
Grandpa’s Family Farms Gummies Sleep,$20.00
Grandpa’s Family Farms Massage Cream,$35.00
Grandpa’s Family Farms Pain Salve,$60.00
Grandpa’s Family Farms Gummies 50mg – Cherry,$20.00
Grandpa’s Family Farms Gummies 50mg – Green Apple,$20.00
Grandpa’s Family Farms Gummies 50mg – Peach,$20.00
Grandpa’s Family Farms Gummies 50mg – Watermelon,$20.00
Grandpa’s Family Farms Gummies Sleep,$20.00
Grandpa’s Family Farms Massage Cream,$35.00
Grandpa’s Family Farms Pain Salve,$60.00
South Point Hemp CBD Peppermint Chocolates,$18.00
Grandpa’s Family Farms Gummies 50mg – Cherry,$20.00
Grandpa’s Family Farms Gummies 50mg – Green Apple,$20.00
Grandpa’s Family Farms Gummies 50mg – Peach,$20.00
Grandpa’s Family Farms Gummies 50mg – Watermelon,$20.00
Grandpa’s Family Farms Gummies Sleep,$20.00
Grandpa’s Family Farms Massage Cream,$35.00
Grandpa’s Family Farms Pain Salve,$60.00
South Point Hemp CBD Peppermint Chocolates,$18.00
Vesl CBD Gummies 25mg,$30.00
Grandpa’s Family Farms Gummies 50mg – Cherry,$20.00
Grandpa’s Family Farms Gummies 50mg – Green Apple,$20.00
Grandpa’s Family Farms Gummies 50mg – Peach,$20.00
Grandpa’s Family Farms Gummies 50mg – Watermelon,$20.00
Grandpa’s Family Farms Gummies Sleep,$20.00
Grandpa’s Family Farms Massage Cream,$35.00
Grandpa’s Family Farms Pain Salve,$60.00
South Point Hemp CBD Peppermint Chocolates,$18.00
Vesl CBD Gummies 25mg,$30.00
Vesl CBG Gummies 25mg,$30.00
Grandpa’s Family Farms Gummies 50mg – Cherry,$20.00
Grandpa’s Family Farms Gummies 50mg – Green Apple,$20.00
Grandpa’s Family Farms Gummies 50mg – Peach,$20.00
Grandpa’s Family Farms Gummies 50mg – Watermelon,$20.00
Grandpa’s Family Farms Gummies Sleep,$20.00
Grandpa’s Family Farms Massage Cream,$35.00
Grandpa’s Family Farms Pain Salve,$60.00
South Point Hemp CBD Peppermint Chocolates,$18.00
Vesl CBD Gummies 25mg,$30.00
Vesl CBG Gummies 25mg,$30.00
Vesl CBN Gummies 25mg,$30.00
Grandpa’s Family Farms Gummies 50mg – Cherry,$20.00
Grandpa’s Family Farms Gummies 50mg – Green Apple,$20.00
Grandpa’s Family Farms Gummies 50mg – Peach,$20.00
Grandpa’s Family Farms Gummies 50mg – Watermelon,$20.00
Grandpa’s Family Farms Gummies Sleep,$20.00
Grandpa’s Family Farms Massage Cream,$35.00
Grandpa’s Family Farms Pain Salve,$60.00
South Point Hemp CBD Peppermint Chocolates,$18.00
Vesl CBD Gummies 25mg,$30.00
Vesl CBG Gummies 25mg,$30.00
Vesl CBN Gummies 25mg,$30.00
4Paws PET Balm,$16.99
4mm Bracelet Amethyst,$9.99
4mm Bracelet Amethyst,$9.99
4mm Bracelet Blue Goldstone,$9.99
4mm Bracelet Amethyst,$9.99
4mm Bracelet Blue Goldstone,$9.99
4mm Bracelet Dragon Bloodstone,$9.99
4mm Bracelet Amethyst,$9.99
4mm Bracelet Blue Goldstone,$9.99
4mm Bracelet Dragon Bloodstone,$9.99
4mm Bracelet Hematite,$9.99
4mm Bracelet Amethyst,$9.99
4mm Bracelet Blue Goldstone,$9.99
4mm Bracelet Dragon Bloodstone,$9.99
4mm Bracelet Hematite,$9.99
Tumbled Aqua Calcite Crystal,$2.99
4mm Bracelet Amethyst,$9.99
4mm Bracelet Blue Goldstone,$9.99
4mm Bracelet Dragon Bloodstone,$9.99
4mm Bracelet Hematite,$9.99
Tumbled Aqua Calcite Crystal,$2.99
Tumbled Labradorite Crystal,$3.99
4mm Bracelet Amethyst,$9.99
4mm Bracelet Blue Goldstone,$9.99
4mm Bracelet Dragon Bloodstone,$9.99
4mm Bracelet Hematite,$9.99
Tumbled Aqua Calcite Crystal,$2.99
Tumbled Labradorite Crystal,$3.99
Calming Stone Amethyst,$8.99
4mm Bracelet Amethyst,$9.99
4mm Bracelet Blue Goldstone,$9.99
4mm Bracelet Dragon Bloodstone,$9.99
4mm Bracelet Hematite,$9.99
Tumbled Aqua Calcite Crystal,$2.99
Tumbled Labradorite Crystal,$3.99
Calming Stone Amethyst,$8.99
Calming Stone Clear Quartz,$8.99
4mm Bracelet Amethyst,$9.99
4mm Bracelet Blue Goldstone,$9.99
4mm Bracelet Dragon Bloodstone,$9.99
4mm Bracelet Hematite,$9.99
Tumbled Aqua Calcite Crystal,$2.99
Tumbled Labradorite Crystal,$3.99
Calming Stone Amethyst,$8.99
Calming Stone Clear Quartz,$8.99
Calming Stone Rose Quartz,$8.99
4mm Bracelet Amethyst,$9.99
4mm Bracelet Blue Goldstone,$9.99
4mm Bracelet Dragon Bloodstone,$9.99
4mm Bracelet Hematite,$9.99
Tumbled Aqua Calcite Crystal,$2.99
Tumbled Labradorite Crystal,$3.99
Calming Stone Amethyst,$8.99
Calming Stone Clear Quartz,$8.99
Calming Stone Rose Quartz,$8.99
Lava Stone Bracelet,$19.99
4mm Bracelet Amethyst,$9.99
4mm Bracelet Blue Goldstone,$9.99
4mm Bracelet Dragon Bloodstone,$9.99
4mm Bracelet Hematite,$9.99
Tumbled Aqua Calcite Crystal,$2.99
Tumbled Labradorite Crystal,$3.99
Calming Stone Amethyst,$8.99
Calming Stone Clear Quartz,$8.99
Calming Stone Rose Quartz,$8.99
Lava Stone Bracelet,$19.99
Tumbled Amethyst Crystal,$1.99
4mm Bracelet Amethyst,$9.99
4mm Bracelet Blue Goldstone,$9.99
4mm Bracelet Dragon Bloodstone,$9.99
4mm Bracelet Hematite,$9.99
Tumbled Aqua Calcite Crystal,$2.99
Tumbled Labradorite Crystal,$3.99
Calming Stone Amethyst,$8.99
Calming Stone Clear Quartz,$8.99
Calming Stone Rose Quartz,$8.99
Lava Stone Bracelet,$19.99
Tumbled Amethyst Crystal,$1.99
Tumbled Clear Quartz Crystal,$1.99
Aura Cacia Kids Bedtime Roll-on,$8.99
Aura Cacia Kids Bedtime Roll-on,$8.99
Aura Cacia Kids Clearing Roll-on,$8.99
Aura Cacia Kids Bedtime Roll-on,$8.99
Aura Cacia Kids Clearing Roll-on,$8.99
Aura Cacia Kids Focus Roll-on,$8.99
Aura Cacia Kids Bedtime Roll-on,$8.99
Aura Cacia Kids Clearing Roll-on,$8.99
Aura Cacia Kids Focus Roll-on,$8.99
Ancient Secrets Large Himalayan Salt Lamp,$61.95
Aura Cacia Kids Bedtime Roll-on,$8.99
Aura Cacia Kids Clearing Roll-on,$8.99
Aura Cacia Kids Focus Roll-on,$8.99
Ancient Secrets Large Himalayan Salt Lamp,$61.95
Aromatherapy Bottle Necklace,$23.99
Aura Cacia Kids Bedtime Roll-on,$8.99
Aura Cacia Kids Clearing Roll-on,$8.99
Aura Cacia Kids Focus Roll-on,$8.99
Ancient Secrets Large Himalayan Salt Lamp,$61.95
Aromatherapy Bottle Necklace,$23.99
Aura Cacia 2oz Amber Bottle,$2.99
Aura Cacia Kids Bedtime Roll-on,$8.99
Aura Cacia Kids Clearing Roll-on,$8.99
Aura Cacia Kids Focus Roll-on,$8.99
Ancient Secrets Large Himalayan Salt Lamp,$61.95
Aromatherapy Bottle Necklace,$23.99
Aura Cacia 2oz Amber Bottle,$2.99
Aura Cacia 4oz Amber Bottle,$2.99
Aura Cacia Kids Bedtime Roll-on,$8.99
Aura Cacia Kids Clearing Roll-on,$8.99
Aura Cacia Kids Focus Roll-on,$8.99
Ancient Secrets Large Himalayan Salt Lamp,$61.95
Aromatherapy Bottle Necklace,$23.99
Aura Cacia 2oz Amber Bottle,$2.99
Aura Cacia 4oz Amber Bottle,$2.99
Aura Cacia 4oz Wide Amber Bottle,$3.99
Aura Cacia Kids Bedtime Roll-on,$8.99
Aura Cacia Kids Clearing Roll-on,$8.99
Aura Cacia Kids Focus Roll-on,$8.99
Ancient Secrets Large Himalayan Salt Lamp,$61.95
Aromatherapy Bottle Necklace,$23.99
Aura Cacia 2oz Amber Bottle,$2.99
Aura Cacia 4oz Amber Bottle,$2.99
Aura Cacia 4oz Wide Amber Bottle,$3.99
Aura Cacia Amber Mist Bottle 2oz,$2.99
Aura Cacia Kids Bedtime Roll-on,$8.99
Aura Cacia Kids Clearing Roll-on,$8.99
Aura Cacia Kids Focus Roll-on,$8.99
Ancient Secrets Large Himalayan Salt Lamp,$61.95
Aromatherapy Bottle Necklace,$23.99
Aura Cacia 2oz Amber Bottle,$2.99
Aura Cacia 4oz Amber Bottle,$2.99
Aura Cacia 4oz Wide Amber Bottle,$3.99
Aura Cacia Amber Mist Bottle 2oz,$2.99
Aura Cacia Aromatherapy Car Diffuser,$11.95
Aura Cacia Kids Bedtime Roll-on,$8.99
Aura Cacia Kids Clearing Roll-on,$8.99
Aura Cacia Kids Focus Roll-on,$8.99
Ancient Secrets Large Himalayan Salt Lamp,$61.95
Aromatherapy Bottle Necklace,$23.99
Aura Cacia 2oz Amber Bottle,$2.99
Aura Cacia 4oz Amber Bottle,$2.99
Aura Cacia 4oz Wide Amber Bottle,$3.99
Aura Cacia Amber Mist Bottle 2oz,$2.99
Aura Cacia Aromatherapy Car Diffuser,$11.95
Aura Cacia Avocado Oil 4oz,$9.99
Aura Cacia Kids Bedtime Roll-on,$8.99
Aura Cacia Kids Clearing Roll-on,$8.99
Aura Cacia Kids Focus Roll-on,$8.99
Ancient Secrets Large Himalayan Salt Lamp,$61.95
Aromatherapy Bottle Necklace,$23.99
Aura Cacia 2oz Amber Bottle,$2.99
Aura Cacia 4oz Amber Bottle,$2.99
Aura Cacia 4oz Wide Amber Bottle,$3.99
Aura Cacia Amber Mist Bottle 2oz,$2.99
Aura Cacia Aromatherapy Car Diffuser,$11.95
Aura Cacia Avocado Oil 4oz,$9.99
Aura Cacia Bergamot Essential Oil,$13.99
Alba Botanica After Sun Gel- Aloe,$8.99
Alba Botanica After Sun Gel- Aloe,$8.99
Alba Botanica Coconut Milk Conditioner,$11.99
Alba Botanica After Sun Gel- Aloe,$8.99
Alba Botanica Coconut Milk Conditioner,$11.99
Alba Botanica Aloe Vera Sunscreen,$12.99
Alba Botanica After Sun Gel- Aloe,$8.99
Alba Botanica Coconut Milk Conditioner,$11.99
Alba Botanica Aloe Vera Sunscreen,$12.99
Alba Botanica Coconut Milk Shampoo,$11.99
Alba Botanica After Sun Gel- Aloe,$8.99
Alba Botanica Coconut Milk Conditioner,$11.99
Alba Botanica Aloe Vera Sunscreen,$12.99
Alba Botanica Coconut Milk Shampoo,$11.99
Alba Botanica Hawaiian Detox Clay Cleanser,$13.99
Alba Botanica After Sun Gel- Aloe,$8.99
Alba Botanica Coconut Milk Conditioner,$11.99
Alba Botanica Aloe Vera Sunscreen,$12.99
Alba Botanica Coconut Milk Shampoo,$11.99
Alba Botanica Hawaiian Detox Clay Cleanser,$13.99
Alba Botanica Hawaiian Detox Clay Mask,$13.99
Alba Botanica After Sun Gel- Aloe,$8.99
Alba Botanica Coconut Milk Conditioner,$11.99
Alba Botanica Aloe Vera Sunscreen,$12.99
Alba Botanica Coconut Milk Shampoo,$11.99
Alba Botanica Hawaiian Detox Clay Cleanser,$13.99
Alba Botanica Hawaiian Detox Clay Mask,$13.99
Alba Botanica Hawaiian Facial Cleanser,$13.99
Alba Botanica After Sun Gel- Aloe,$8.99
Alba Botanica Coconut Milk Conditioner,$11.99
Alba Botanica Aloe Vera Sunscreen,$12.99
Alba Botanica Coconut Milk Shampoo,$11.99
Alba Botanica Hawaiian Detox Clay Cleanser,$13.99
Alba Botanica Hawaiian Detox Clay Mask,$13.99
Alba Botanica Hawaiian Facial Cleanser,$13.99
Alba Botanica Spray Sunscreen,$15.99
Alba Botanica After Sun Gel- Aloe,$8.99
Alba Botanica Coconut Milk Conditioner,$11.99
Alba Botanica Aloe Vera Sunscreen,$12.99
Alba Botanica Coconut Milk Shampoo,$11.99
Alba Botanica Hawaiian Detox Clay Cleanser,$13.99
Alba Botanica Hawaiian Detox Clay Mask,$13.99
Alba Botanica Hawaiian Facial Cleanser,$13.99
Alba Botanica Spray Sunscreen,$15.99
Attitude Baby 2-1 Natural Shampoo and Body Wash,$12.95
Alba Botanica After Sun Gel- Aloe,$8.99
Alba Botanica Coconut Milk Conditioner,$11.99
Alba Botanica Aloe Vera Sunscreen,$12.99
Alba Botanica Coconut Milk Shampoo,$11.99
Alba Botanica Hawaiian Detox Clay Cleanser,$13.99
Alba Botanica Hawaiian Detox Clay Mask,$13.99
Alba Botanica Hawaiian Facial Cleanser,$13.99
Alba Botanica Spray Sunscreen,$15.99
Attitude Baby 2-1 Natural Shampoo and Body Wash,$12.95
Attitude Baby Natural Body Lotion,$18.95
Alba Botanica After Sun Gel- Aloe,$8.99
Alba Botanica Coconut Milk Conditioner,$11.99
Alba Botanica Aloe Vera Sunscreen,$12.99
Alba Botanica Coconut Milk Shampoo,$11.99
Alba Botanica Hawaiian Detox Clay Cleanser,$13.99
Alba Botanica Hawaiian Detox Clay Mask,$13.99
Alba Botanica Hawaiian Facial Cleanser,$13.99
Alba Botanica Spray Sunscreen,$15.99
Attitude Baby 2-1 Natural Shampoo and Body Wash,$12.95
Attitude Baby Natural Body Lotion,$18.95
Aura Cacia Bath Soak Chamomile Mineral 2.5oz,$3.95
Alba Botanica After Sun Gel- Aloe,$8.99
Alba Botanica Coconut Milk Conditioner,$11.99
Alba Botanica Aloe Vera Sunscreen,$12.99
Alba Botanica Coconut Milk Shampoo,$11.99
Alba Botanica Hawaiian Detox Clay Cleanser,$13.99
Alba Botanica Hawaiian Detox Clay Mask,$13.99
Alba Botanica Hawaiian Facial Cleanser,$13.99
Alba Botanica Spray Sunscreen,$15.99
Attitude Baby 2-1 Natural Shampoo and Body Wash,$12.95
Attitude Baby Natural Body Lotion,$18.95
Aura Cacia Bath Soak Chamomile Mineral 2.5oz,$3.95
Aura Cacia Bath Soak Eucalyptus Mineral 2.5oz,$3.95
Ginger Chews Mango,$2.99
Ginger Chews Mango,$2.99
Buddha Teas Organic Calm Buddha Blend Box,$8.95
Ginger Chews Mango,$2.99
Buddha Teas Organic Calm Buddha Blend Box,$8.95
Buddha Teas Organic Chai Tea Box,$8.95
Ginger Chews Mango,$2.99
Buddha Teas Organic Calm Buddha Blend Box,$8.95
Buddha Teas Organic Chai Tea Box,$8.95
Buddha Teas Organic Cold Weather Karma Box,$8.95
Ginger Chews Mango,$2.99
Buddha Teas Organic Calm Buddha Blend Box,$8.95
Buddha Teas Organic Chai Tea Box,$8.95
Buddha Teas Organic Cold Weather Karma Box,$8.95
Buddha Teas Organic Elderberry Box,$8.95
Ginger Chews Mango,$2.99
Buddha Teas Organic Calm Buddha Blend Box,$8.95
Buddha Teas Organic Chai Tea Box,$8.95
Buddha Teas Organic Cold Weather Karma Box,$8.95
Buddha Teas Organic Elderberry Box,$8.95
Buddha Teas Organic European Peppermint Box,$8.95
Ginger Chews Mango,$2.99
Buddha Teas Organic Calm Buddha Blend Box,$8.95
Buddha Teas Organic Chai Tea Box,$8.95
Buddha Teas Organic Cold Weather Karma Box,$8.95
Buddha Teas Organic Elderberry Box,$8.95
Buddha Teas Organic European Peppermint Box,$8.95
Buddha Teas Organic Feverfew & Lemongrass Box,$8.95
Ginger Chews Mango,$2.99
Buddha Teas Organic Calm Buddha Blend Box,$8.95
Buddha Teas Organic Chai Tea Box,$8.95
Buddha Teas Organic Cold Weather Karma Box,$8.95
Buddha Teas Organic Elderberry Box,$8.95
Buddha Teas Organic European Peppermint Box,$8.95
Buddha Teas Organic Feverfew & Lemongrass Box,$8.95
Buddha Teas Organic Hibiscus Box,$8.95
Ginger Chews Mango,$2.99
Buddha Teas Organic Calm Buddha Blend Box,$8.95
Buddha Teas Organic Chai Tea Box,$8.95
Buddha Teas Organic Cold Weather Karma Box,$8.95
Buddha Teas Organic Elderberry Box,$8.95
Buddha Teas Organic European Peppermint Box,$8.95
Buddha Teas Organic Feverfew & Lemongrass Box,$8.95
Buddha Teas Organic Hibiscus Box,$8.95
Buddha Teas Organic Japanese Cherry Blossom Box,$8.95
Ginger Chews Mango,$2.99
Buddha Teas Organic Calm Buddha Blend Box,$8.95
Buddha Teas Organic Chai Tea Box,$8.95
Buddha Teas Organic Cold Weather Karma Box,$8.95
Buddha Teas Organic Elderberry Box,$8.95
Buddha Teas Organic European Peppermint Box,$8.95
Buddha Teas Organic Feverfew & Lemongrass Box,$8.95
Buddha Teas Organic Hibiscus Box,$8.95
Buddha Teas Organic Japanese Cherry Blossom Box,$8.95
Buddha Teas Organic Lemon Balm Tea Box,$8.95
Ginger Chews Mango,$2.99
Buddha Teas Organic Calm Buddha Blend Box,$8.95
Buddha Teas Organic Chai Tea Box,$8.95
Buddha Teas Organic Cold Weather Karma Box,$8.95
Buddha Teas Organic Elderberry Box,$8.95
Buddha Teas Organic European Peppermint Box,$8.95
Buddha Teas Organic Feverfew & Lemongrass Box,$8.95
Buddha Teas Organic Hibiscus Box,$8.95
Buddha Teas Organic Japanese Cherry Blossom Box,$8.95
Buddha Teas Organic Lemon Balm Tea Box,$8.95
Buddha Teas Organic Rose Hips Tea Box,$8.95
Ginger Chews Mango,$2.99
Buddha Teas Organic Calm Buddha Blend Box,$8.95
Buddha Teas Organic Chai Tea Box,$8.95
Buddha Teas Organic Cold Weather Karma Box,$8.95
Buddha Teas Organic Elderberry Box,$8.95
Buddha Teas Organic European Peppermint Box,$8.95
Buddha Teas Organic Feverfew & Lemongrass Box,$8.95
Buddha Teas Organic Hibiscus Box,$8.95
Buddha Teas Organic Japanese Cherry Blossom Box,$8.95
Buddha Teas Organic Lemon Balm Tea Box,$8.95
Buddha Teas Organic Rose Hips Tea Box,$8.95
Buddha Teas Organic Sleepy Temple Box,$8.95
Thompson Zinc 50 mg,$3.99
Thompson Zinc 50 mg,$3.99
All Terrain 1″ Waterproof Bandages 20ct,$5.99
Thompson Zinc 50 mg,$3.99
All Terrain 1″ Waterproof Bandages 20ct,$5.99
All Terrain Fabric Bandage 30ct,$5.99
Thompson Zinc 50 mg,$3.99
All Terrain 1″ Waterproof Bandages 20ct,$5.99
All Terrain Fabric Bandage 30ct,$5.99
Boiron Arnica Gel,$8.99
Thompson Zinc 50 mg,$3.99
All Terrain 1″ Waterproof Bandages 20ct,$5.99
All Terrain Fabric Bandage 30ct,$5.99
Boiron Arnica Gel,$8.99
Boiron Chestal Honey,$12.99
Thompson Zinc 50 mg,$3.99
All Terrain 1″ Waterproof Bandages 20ct,$5.99
All Terrain Fabric Bandage 30ct,$5.99
Boiron Arnica Gel,$8.99
Boiron Chestal Honey,$12.99
Boiron Cold Calm,$12.99
Thompson Zinc 50 mg,$3.99
All Terrain 1″ Waterproof Bandages 20ct,$5.99
All Terrain Fabric Bandage 30ct,$5.99
Boiron Arnica Gel,$8.99
Boiron Chestal Honey,$12.99
Boiron Cold Calm,$12.99
Boiron Cold Calm Kids,$15.99
Thompson Zinc 50 mg,$3.99
All Terrain 1″ Waterproof Bandages 20ct,$5.99
All Terrain Fabric Bandage 30ct,$5.99
Boiron Arnica Gel,$8.99
Boiron Chestal Honey,$12.99
Boiron Cold Calm,$12.99
Boiron Cold Calm Kids,$15.99
Boiron Gasalia,$12.99
Thompson Zinc 50 mg,$3.99
All Terrain 1″ Waterproof Bandages 20ct,$5.99
All Terrain Fabric Bandage 30ct,$5.99
Boiron Arnica Gel,$8.99
Boiron Chestal Honey,$12.99
Boiron Cold Calm,$12.99
Boiron Cold Calm Kids,$15.99
Boiron Gasalia,$12.99
Boiron Oscillococcinum 12 Doses,$26.99
Thompson Zinc 50 mg,$3.99
All Terrain 1″ Waterproof Bandages 20ct,$5.99
All Terrain Fabric Bandage 30ct,$5.99
Boiron Arnica Gel,$8.99
Boiron Chestal Honey,$12.99
Boiron Cold Calm,$12.99
Boiron Cold Calm Kids,$15.99
Boiron Gasalia,$12.99
Boiron Oscillococcinum 12 Doses,$26.99
Boiron Oscillococcinum 6 Doses,$16.99
Thompson Zinc 50 mg,$3.99
All Terrain 1″ Waterproof Bandages 20ct,$5.99
All Terrain Fabric Bandage 30ct,$5.99
Boiron Arnica Gel,$8.99
Boiron Chestal Honey,$12.99
Boiron Cold Calm,$12.99
Boiron Cold Calm Kids,$15.99
Boiron Gasalia,$12.99
Boiron Oscillococcinum 12 Doses,$26.99
Boiron Oscillococcinum 6 Doses,$16.99
Bug Soother,$4.99
Thompson Zinc 50 mg,$3.99
All Terrain 1″ Waterproof Bandages 20ct,$5.99
All Terrain Fabric Bandage 30ct,$5.99
Boiron Arnica Gel,$8.99
Boiron Chestal Honey,$12.99
Boiron Cold Calm,$12.99
Boiron Cold Calm Kids,$15.99
Boiron Gasalia,$12.99
Boiron Oscillococcinum 12 Doses,$26.99
Boiron Oscillococcinum 6 Doses,$16.99
Bug Soother,$4.99
Cylinder Works Ear Wax Candles 2 pk,$7.99
Dont Rinse Me Foam Shampoo,$11.99
Dont Rinse Me Foam Shampoo,$11.99
Pet Naturals Breath Bites,$12.99
Dont Rinse Me Foam Shampoo,$11.99
Pet Naturals Breath Bites,$12.99
Pet Naturals Skin & Coat Dog Chew 30ct,$6.99
Dont Rinse Me Foam Shampoo,$11.99
Pet Naturals Breath Bites,$12.99
Pet Naturals Skin & Coat Dog Chew 30ct,$6.99
Pet Naturals UT Support Cat Chews,$13.99
